{
  "tier1_EPL": 1772223406.5973299,
  "tier1_EPL_count": 56,
  "tier2_EPL": 1772223406.5993292,
  "tier2_EPL_count": 56,
  "tier3_EPL": 1772223406.6033328,
  "tier3_EPL_count": 56
}