{
  "tier1_EPL": 1772221866.301771,
  "tier1_EPL_count": 5,
  "tier2_EPL": 1772221866.309153,
  "tier2_EPL_count": 5,
  "tier3_EPL": 1772221866.3142729,
  "tier3_EPL_count": 5
}